Unnamed: 0,price,area
-1.754473788074576,2.8438932528952767,0.6244286394661741
-1.7479250699427837,2.8438932528952767,0.96199057410424
-1.7413763518109915,2.756024369010253,2.0309367004581156
-1.734827633679199,2.7120899270677414,-0.16321587468931315
-1.7282789155474068,2.6901227060964854,0.8607219937128203
-1.7217301974156145,2.6242210431827178,-0.3207447775204106
-1.715181479283822,2.5802866012402057,1.274235363644451
-1.7086327611520298,2.55831938026895,1.7777652494795662
-1.7020840430202375,2.55831938026895,-0.1857200036651842
-1.695535324888445,2.514384938326438,2.1997176677771484
-1.6889866067566528,2.4924177173551825,0.9282343806404335
-1.6824378886248605,2.4440898312184194,0.6244286394661741
-1.675889170493068,2.404548833470159,2.241912909606907
-1.6693404523612758,2.404548833470159,1.7215049270398886
-1.6627917342294833,2.404548833470159,0.3431270272677858
-1.656243016097691,2.404548833470159,1.4542683954514195
-1.6496942979658988,2.404548833470159,1.1870318638629507
-1.6431455798341064,2.338647170556391,-0.005686971858215685
-1.636596861702314,2.2727455076426235,0.601924510490303
-1.6300481435705219,2.2288110657001114,1.0970153479594664
-1.6234994254387294,2.20429564709619,1.1870318638629507
-1.6169507073069371,2.1804831795633484,1.458206618022197
-1.6104019891751449,2.1409421818150878,2.312238312656504
-1.6038532710433524,2.12995857132946,0.6244286394661741
-1.5973045529115601,2.097007739872576,0.6244286394661741
-1.590755834779768,2.07504051890132,0.9338604128844012
-1.5842071166479754,2.0530732979300645,0.8269658002490137
-1.5776583985161832,1.9652044140450409,0.8944781871766269
-1.5711096803843907,1.9652044140450409,0.6244286394661741
-1.5645609622525984,1.8773355301600172,0.6244286394661741
-1.5580122441208062,1.8773355301600172,0.6244286394661741
-1.5514635259890137,1.8553683091887614,0.6244286394661741
-1.5449148078572215,1.8334010882175054,0.96199057410424
-1.5383660897254292,1.8114338672462496,-0.3319968420083461
-1.5318173715936367,1.7894666462749935,1.4345772825975325
-1.5252686534618445,1.7894666462749935,1.4345772825975325
-1.5187199353300522,1.7894666462749935,0.8072746873951265
-1.5121712171982598,1.745532204332482,0.6244286394661741
-1.5056224990664675,1.745532204332482,0.146215898728914
-1.4990737809346752,1.745532204332482,0.6244286394661741
-1.4925250628028828,1.745532204332482,0.6244286394661741
-1.4794276265392983,1.679630541418714,2.312238312656504
-1.4728789084075058,1.6576633204474582,1.5696020564527589
-1.4663301902757135,1.6576633204474582,0.6244286394661741
-1.459781472143921,1.6137288785049464,0.6244286394661741
-1.4532327540121288,1.5697944365624346,2.2447259257288907
-1.4466840358803366,1.5697944365624346,0.7594534133214005
-1.440135317748544,1.5478272155911788,0.8269658002490137
-1.4270378814849596,1.481925552677411,2.2447259257288907
-1.4139404452213749,1.459958331706155,1.5808541209406943
-1.4073917270895826,1.4379911107348993,0.6244286394661741
-1.3942942908259979,1.3940566687923874,-0.5007778093273791
-1.3877455726942056,1.3720894478211316,0.6244286394661741
-1.3811968545624131,1.3501222268498756,0.07307747955733304
-1.374648136430621,1.3281550058786198,0.96199057410424
-1.3680994182988284,1.306187784907364,-0.478273680351508
-1.3615507001670362,1.306187784907364,-0.3545009709842172
-1.355001982035244,1.306187784907364,0.8607219937128203
-1.3484532639034514,1.306187784907364,0.9057302516645624
-1.3419045457716592,1.306187784907364,0.45564767214714114
-1.335355827639867,1.306187784907364,0.6244286394661741
-1.3288071095080745,1.2930074523246105,0.6244286394661741
-1.3222583913762822,1.284220563936108,-0.5007778093273791
-1.3091609551126975,1.2622533429648521,0.6244286394661741
-1.3026122369809052,1.2183189010223403,-0.6358025831826055
-1.296063518849113,1.2183189010223403,1.8902858943589216
-1.2895148007173205,1.2183189010223403,1.0013727998120145
-1.2829660825855282,1.1963516800510845,-0.5232819383032502
-1.276417364453736,1.1963516800510845,1.4176991858656292
-1.2698686463219435,1.1743844590798285,2.075944958409858
-1.2633199281901513,1.1743844590798285,0.06182541506939751
-1.2567712100583588,1.161204126497075,1.0463810577637567
-1.2502224919265665,1.1524172381085727,-0.05069522980995781
-1.2436737737947743,1.086515575194805,1.299552508742306
-1.2371250556629818,1.086515575194805,0.6244286394661741
-1.2305763375311896,1.086515575194805,-0.44451748688770143
-1.2240276193993973,1.086515575194805,2.312238312656504
-1.2174789012676048,1.086515575194805,0.8494699292248847
-1.2109301831358126,1.0821221310005538,0.96199057410424
-1.2043814650040203,1.064548354223549,0.6244286394661741
-1.1978327468722278,1.0425811332522932,0.96199057410424
-1.1912840287404356,1.0425811332522932,0.3431270272677858
-1.1847353106086433,1.0206139122810372,0.3431270272677858
-1.1781865924768509,1.0206139122810372,0.8213397680050459
-1.1716378743450586,1.0206139122810372,0.3431270272677858
-1.1650891562132661,0.9986466913097813,-0.2194761971289908
-1.1585404380814739,0.9986466913097813,0.31499686604794697
-1.1519917199496816,0.9766794703385254,0.8607219937128203
-1.1454430018178892,0.9656958598528975,-0.9283562598689293
-1.138894283686097,0.9547122493672696,0.9704296224701917
-1.1323455655543047,0.9547122493672696,0.96199057410424
-1.1257968474225122,0.9547122493672696,1.9589234877353283
-1.11924812929072,0.9503188051730184,-0.3319968420083461
-1.1126994111589277,0.9503188051730184,2.6610523117825053
-1.1061506930271352,0.9107778074247578,1.0745112189835955
-1.099601974895343,0.9107778074247578,1.7496350882597274
-1.0930532567635507,0.9107778074247578,1.130771541423273
-1.0865045386317582,0.8668433654822459,-0.6695587766464121
-1.079955820499966,0.8668433654822459,0.8607219937128203
-1.0734071023681737,0.8668433654822459,1.1982839283508862
-1.0668583842363812,0.8668433654822459,0.9282343806404335
-1.060309666104589,0.8668433654822459,1.316993208698606
-1.0537609479727965,0.8668433654822459,0.7673298584629553
-1.0472122298410043,0.8668433654822459,1.3670648956699192
-1.040663511709212,0.8668433654822459,0.9197953322744818
-1.0275660754456273,0.8229089235397342,1.277048379766435
-1.021017357313835,0.8229089235397342,0.9057302516645624
-1.0144686391820426,0.818515479345483,0.3431270272677858
-1.001371202918458,0.8141220351512318,-0.05069522980995781
-0.9948224847866657,0.7789744815972224,0.5276608848699286
-0.9882737666548733,0.7789744815972224,0.17434605994875282
-0.981725048523081,0.7789744815972224,-0.05069522980995781
-0.9751763303912886,0.7745810374029712,1.1870318638629507
-0.9686276122594963,0.7570072606259665,0.6244286394661741
-0.962078894127704,0.7350400396547107,0.28686670482810817
-0.9555301759959116,0.7350400396547107,-0.14071174571344208
-0.9489814578641194,0.7350400396547107,0.06182541506939751
-0.942432739732327,0.7350400396547107,0.8269658002490137
-0.9358840216005346,0.7350400396547107,0.5119079945868188
-0.9293353034687423,0.6801219872265709,0.9957467675680467
-0.9162378672051577,0.647171155769687,-0.05069522980995781
-0.9096891490733653,0.647171155769687,-0.10695555224963547
-0.903140430941573,0.647171155769687,0.06182541506939751
-0.8900429946779883,0.647171155769687,0.3431270272677858
-0.883494276546196,0.647171155769687,0.8269658002490137
-0.8769455584144037,0.647171155769687,0.96199057410424
-0.8703968402826113,0.647171155769687,0.13833945358735913
-0.863848122150819,0.6252039347984312,-0.27573651956866846
-0.8572994040190267,0.6252039347984312,0.28686670482810817
-0.8507506858872343,0.6032367138271753,-0.8946000664051227
-0.844201967755442,0.6032367138271753,-0.6976889378662509
-0.8376532496236496,0.6032367138271753,0.6806889619058518
-0.8311045314918574,0.598843269632924,1.130771541423273
-0.824555813360065,0.5812694928559193,-1.1663374237887658
-0.8180070952282726,0.5812694928559193,1.7383830237717919
-0.8114583770964804,0.5593022718846634,-0.9789905500646392
-0.804909658964688,0.5593022718846634,0.7425753165894972
-0.7983609408328957,0.5593022718846634,0.6806889619058518
-0.7918122227011033,0.5593022718846634,0.96199057410424
-0.785263504569311,0.5373350509134075,1.0885762995935149
-0.7787147864375187,0.5153678299421517,1.0238769287878855
-0.7721660683057263,0.5109743857479004,0.8776000904447235
-0.7656173501739341,0.47143338799963985,1.637114443380372
-0.7590686320421417,0.449466167028384,-0.16321587468931315
-0.7525199139103493,0.42749894605712807,-0.3545009709842172
-0.7459711957785571,0.42749894605712807,0.9282343806404335
-0.7394224776467647,0.42749894605712807,0.3431270272677858
-0.7328737595149724,0.42749894605712807,3.0261818044160136
-0.72632504138318,0.42749894605712807,1.974676378018438
-0.7197763232513877,0.42749894605712807,0.23060638238843048
-0.7132276051195954,0.42749894605712807,-0.6132984542067345
-0.706678886987803,0.42749894605712807,2.7623208921739253
-0.7001301688560108,0.42749894605712807,2.0421887649460513
-0.6935814507242184,0.4231055018628769,0.6525588006860129
-0.687032732592426,0.41431861347437454,1.2348531379366767
-0.6804840144606337,0.40553172508587215,-0.9621124533327359
-0.6739352963288414,0.40553172508587215,-0.2194761971289908
-0.667386578197049,0.40553172508587215,1.299552508742306
-0.6608378600652567,0.36159728314336037,-0.8327137117214773
-0.6542891419334644,0.36159728314336037,1.7383830237717919
-0.6477404238016721,0.3396300621721045,-1.0633810337241556
-0.6411917056698797,0.3396300621721045,-1.0633810337241556
-0.6280942694062951,0.3396300621721045,0.6806889619058518
-0.6215455512745027,0.3176628412008486,0.46689973663507667
-0.6149968331427104,0.29569562022959267,-0.7595752925498963
-0.6084481150109181,0.29569562022959267,1.5245937985010167
-0.5953506787473334,0.29569562022959267,0.96199057410424
-0.588801960615541,0.29130217603534153,-0.05069522980995781
-0.5822532424837488,0.2737283992583368,1.8340255719192438
-0.5757045243519564,0.2517611782870809,-0.27011048732470067
-0.569155806220164,0.2517611782870809,1.5729776757991394
-0.5626070880883718,0.24297428989857855,-1.175901678603511
-0.5560583699565794,0.229793957315825,0.5951732717975418
-0.5495096518247871,0.2122201805388203,-0.3882571644480238
-0.5429609336929948,0.2078267363445691,-0.20822413264105527
-0.5364122155612024,0.2078267363445691,-0.4473305030096853
-0.5298634974294101,0.2078267363445691,-0.4332654223997659
-0.5233147792976177,0.2078267363445691,0.28686670482810817
-0.5167660611658255,0.2078267363445691,-0.06757332654186111
-0.5102173430340331,0.2078267363445691,0.7932096067852071
-0.5036686249022407,0.2078267363445691,0.5119079945868188
-0.4971199067704484,0.2078267363445691,-1.0633810337241556
-0.4905711886386561,0.2078267363445691,-1.080259130456059
-0.48402247050686376,0.2078267363445691,1.0295029610318533
-0.47747375237507145,0.2078267363445691,-0.1373361263670614
-0.4643763161114868,0.20343329215031794,-0.8270876794775095
-0.45782759797969447,0.20343329215031794,0.05901239894741363
-0.4512788798479021,0.18585951537331322,-0.30386668078850726
-0.4447301617161098,0.16389229440205733,-0.41076129342389484
-0.43818144358431743,0.16389229440205733,0.6469327684420452
-0.4316327254525251,0.16389229440205733,1.1093926188961956
-0.42508400732073276,0.16389229440205733,-0.04225618144400616
-0.41853528918894045,0.14192507343080144,1.1870318638629507
-0.41198657105714814,0.14192507343080144,1.805895410699405
-0.4054378529253558,0.12435129665379671,-0.8270876794775095
-0.39888913479356347,0.11995785245954553,2.405630447906369
-0.3923404166617711,0.11995785245954553,0.8050242744975394
-0.3857916985299788,0.11995785245954553,3.009866310908507
-0.3792429803981865,0.11556440826529435,0.8719740582007558
-0.3726942622663941,0.07602341051703373,0.15746796321684953
-0.3661455441346018,0.07602341051703373,0.6244286394661741
-0.35959682600280946,0.07602341051703373,-0.7089410023541864
-0.35304810787101715,0.07602341051703373,2.687494663329154
-0.3464993897392248,0.07602341051703373,0.28686670482810817
-0.3399506716074325,0.07602341051703373,-0.3207447775204106
-0.33340195347564017,0.05405618954577784,-0.6442416315485572
-0.3268532353438478,0.032088968574521946,-0.41076129342389484
-0.3203045172120555,0.032088968574521946,-0.5682901962549923
-0.31375579908026313,0.032088968574521946,0.4443956076592056
-0.3072070809484708,0.032088968574521946,-1.1365194528957367
-0.30065836281667846,0.032088968574521946,0.06745144731336528
-0.29410964468488615,0.027695524380270765,-0.21385016488502304
-0.28756092655309384,0.010121747603266047,-0.5007778093273791
-0.2810122084213015,0.010121747603266047,-0.5907943252308634
-0.27446349028950917,-0.011845473367989849,-0.6358025831826055
-0.2679147721577168,-0.011845473367989849,-0.7033149701102187
-0.2613660540259245,-0.011845473367989849,-1.3165524847027053
-0.2548173358941322,-0.011845473367989849,0.241858446876366
-0.24826861776233983,-0.011845473367989849,0.2643625758522371
-0.2417198996305475,-0.011845473367989849,-0.7708273570378319
-0.23517118149875518,-0.011845473367989849,1.974676378018438
-0.22862246336696285,-0.016238917562241027,-0.44451748688770143
-0.2220737452351705,-0.016238917562241027,0.056199382825429745
-0.21552502710337818,-0.03381269433924575,-0.7764533892817996
-0.20897630897158584,-0.03381269433924575,-0.8102095827456063
-0.2024275908397935,-0.03381269433924575,2.796077085637732
-0.19587887270800117,-0.03381269433924575,-0.7708273570378319
-0.18933015457620886,-0.05577991531050164,-0.21385016488502304
-0.18278143644441652,-0.05577991531050164,0.5597292686605448
-0.1762327183126242,-0.05577991531050164,-0.5007778093273791
-0.16968400018083185,-0.05577991531050164,1.8902858943589216
-0.16313528204903952,-0.05577991531050164,-0.478273680351508
-0.15658656391724718,-0.06017335950475282,0.8269658002490137
-0.15003784578545487,-0.06017335950475282,-0.9722393113718779
-0.14348912765366253,-0.06017335950475282,-0.7764533892817996
-0.1369404095218702,-0.07774713628175754,-0.6414286154265733
-0.13039169139007786,-0.09971435725301343,-0.5187811125080759
-0.12384297325828554,-0.09971435725301343,0.005565092629719847
-0.1172942551264932,-0.10410780144726461,-1.130893420651769
-0.11074553699470087,-0.10410780144726461,-0.005686971858215685
-0.10419681886290853,-0.10410780144726461,0.01681715711765538
-0.09764810073111621,-0.11728813403001814,0.033695253849558675
-0.09109938259932387,-0.12168157822426932,-0.5570381317670567
-0.08455066446753154,-0.14364879919552523,-0.2194761971289908
-0.07800194633573922,-0.14364879919552523,-1.6794315644386262
-0.07145322820394688,-0.14364879919552523,-0.45858256749762083
-0.06490451007215454,-0.14364879919552523,-0.7820794215257674
-0.058355791940362216,-0.14364879919552523,0.8776000904447235
-0.05180707380856989,-0.15682913177827876,-0.48277450614668227
-0.04525835567677756,-0.16561602016678112,-0.27573651956866846
-0.03870963754498522,-0.16561602016678112,3.07737869783612
-0.03216091941319289,-0.18318979694378584,-0.8383397439654451
-0.02561220128140056,-0.187583241138037,0.8269658002490137
-0.019063483149608228,-0.187583241138037,0.8269658002490137
-0.012514765017815897,-0.187583241138037,-0.2194761971289908
-0.005966046886023566,-0.187583241138037,-1.5275286938514965
0.0005826712457687655,-0.187583241138037,-0.2982406485445395
0.007131389377561097,-0.187583241138037,1.6202363466484686
0.013680107509353428,-0.2095504621092929,0.990120735324079
0.02022882564114576,-0.2095504621092929,-1.1832155205206691
0.026777543772938093,-0.23151768308054882,0.3431270272677858
0.033326261904730425,-0.23151768308054882,0.08432954404526857
0.039874980036522754,-0.23151768308054882,0.5400381558066576
0.04642369816831508,-0.23151768308054882,-1.2827962912388986
0.05297241630010742,-0.23151768308054882,-1.0898233852708041
0.05952113443189975,-0.23151768308054882,-1.20571964949654
0.06606985256369208,-0.23151768308054882,-0.27011048732470067
0.07261857069548441,-0.23151768308054882,-0.5007778093273791
0.07916728882727675,-0.23151768308054882,-1.4431382101919799
0.08571600695906907,-0.23151768308054882,-0.16321587468931315
0.09226472509086141,-0.23151768308054882,-0.7033149701102187
0.09881344322265374,-0.23151768308054882,0.5119079945868188
0.10536216135444607,-0.23151768308054882,1.1870318638629507
0.1119108794862384,-0.23151768308054882,-0.45633215460003373
0.11845959761803074,-0.23151768308054882,-0.7708273570378319
0.12500831574982307,-0.23151768308054882,-1.5444067905833998
0.1315570338816154,-0.23151768308054882,-0.2194761971289908
0.13810575201340772,-0.2359111272748,1.8902858943589216
0.14465447014520005,-0.2359111272748,-0.8102095827456063
0.1512031882769924,-0.2534849040518047,-0.028191100834086748
0.15775190640878473,-0.2534849040518047,-0.45576955137563696
0.16430062454057706,-0.2534849040518047,-0.4748980610051274
0.1708493426723694,-0.2754521250230606,-0.14521257150861627
0.1773980608041617,-0.2754521250230606,0.6159895911002224
0.18394677893595404,-0.2798455692173118,0.6581848329299808
0.19049549706774638,-0.2952226238971909,-0.7258190990860898
0.1970442151995387,-0.2974193459943165,-0.6808108411343476
0.20359293333133105,-0.2974193459943165,-0.478273680351508
0.21014165146312339,-0.2974193459943165,0.3993873497074635
0.2166903695949157,-0.3193865669655724,0.5681683170264965
0.22323908772670803,-0.3193865669655724,0.05732458927422329
0.22978780585850037,-0.3193865669655724,-0.30949271303247505
0.2363365239902927,-0.3193865669655724,-1.0633810337241556
0.24288524212208504,-0.3193865669655724,-0.3207447775204106
0.24943396025387737,-0.3413537879368283,-0.7089410023541864
0.2559826783856697,-0.3413537879368283,-0.8045835505016384
0.26253139651746205,-0.3413537879368283,0.28686670482810817
0.26908011464925435,-0.35233739842245626,-0.2194761971289908
0.2756288327810467,-0.35233739842245626,-0.8045835505016384
0.282177550912839,-0.36332100890808416,-0.44451748688770143
0.28872626904463133,-0.36332100890808416,0.8944781871766269
0.2952749871764237,-0.36332100890808416,-0.2194761971289908
0.301823705308216,-0.36332100890808416,-0.5232819383032502
0.30837242344000837,-0.36332100890808416,-0.4726476481075403
0.3149211415718007,-0.407255450850596,1.3333087022061125
0.321469859703593,-0.407255450850596,0.3431270272677858
0.32801857783538535,-0.407255450850596,-1.0633810337241556
0.33456729596717766,-0.407255450850596,-0.9002260986490905
0.34111601409897,-0.407255450850596,-0.604296802616386
0.34766473223076233,-0.407255450850596,1.7946433462114695
0.3542134503625547,-0.407255450850596,-1.5444067905833998
0.360762168494347,-0.42922267182185186,-0.6245505186946699
0.3673108866261393,-0.42922267182185186,-0.9621124533327359
0.3738596047579317,-0.4511898927931078,0.23060638238843048
0.380408322889724,-0.4511898927931078,-0.9621124533327359
0.38695704102151635,-0.4511898927931078,1.2725475539712607
0.39350575915330865,-0.4511898927931078,-0.45576955137563696
0.40005447728510096,-0.4511898927931078,-0.5851682929868955
0.4066031954168933,-0.4511898927931078,-1.6175452097549807
0.41315191354868563,-0.4511898927931078,-1.5269660906270996
0.419700631680478,-0.4599767811816101,-0.8664699051852839
0.4262493498122703,-0.47315711376436365,-0.9789905500646392
0.43279806794406267,-0.49512433473561956,-0.03944316532202228
0.439346786075855,-0.49512433473561956,-0.8270876794775095
0.4458955042076473,-0.49512433473561956,-0.7258190990860898
0.45244422233943965,-0.49512433473561956,0.5287860913187221
0.45899294047123196,-0.49512433473561956,-1.1443958980372915
0.4655416586030243,-0.49512433473561956,1.974676378018438
0.47209037673481663,-0.49951777892987076,1.8902858943589216
0.478639094866609,-0.49951777892987076,-1.3334305814346086
0.4851878129984013,-0.49951777892987076,1.1476496381551764
0.4917365311301936,-0.5170915557068755,-0.793331486013703
0.498285249261986,-0.5390587766781314,-0.7258190990860898
0.5048339673937783,-0.5390587766781314,-0.478273680351508
0.5113826855255706,-0.5390587766781314,0.6356807039541097
0.517931403657363,-0.5390587766781314,-0.4726476481075403
0.5244801217891553,-0.5390587766781314,-0.7348207506764382
0.5310288399209476,-0.5434522208723825,-0.9958686467965425
0.53757755805274,-0.5434522208723825,0.31499686604794697
0.5441262761845322,-0.5610259976493872,-0.7089410023541864
0.5506749943163246,-0.5610259976493872,-0.7089410023541864
0.557223712448117,-0.5610259976493872,0.42189147868333454
0.5637724305799092,-0.5610259976493872,-0.7258190990860898
0.5703211487117016,-0.5829932186206431,-0.34324890649628165
0.576869866843494,-0.5829932186206431,-0.742697195817993
0.5834185849752863,-0.5829932186206431,-0.9621124533327359
0.5899673031070786,-0.5829932186206431,-1.0633810337241556
0.5965160212388709,-0.5829932186206431,-0.7708273570378319
0.6030647393706633,-0.5829932186206431,0.601924510490303
0.6096134575024555,-0.5829932186206431,-0.42763939015579816
0.6161621756342479,-0.5829932186206431,-1.1477715173836722
0.6227108937660403,-0.5829932186206431,-1.4712683714118187
0.6292596118978326,-0.5873866628148943,-0.7708273570378319
0.6358083300296249,-0.604960439591899,-0.2194761971289908
0.6423570481614173,-0.604960439591899,-0.5007778093273791
0.6489057662932096,-0.626927660563155,-0.9789905500646392
0.6554544844250019,-0.626927660563155,-0.2194761971289908
0.6620032025567942,-0.626927660563155,-0.2194761971289908
0.6685519206885866,-0.626927660563155,-0.7033149701102187
0.675100638820379,-0.6488948815344109,-0.5851682929868955
0.6816493569521712,-0.6708621025056667,-0.3657530354721527
0.6881980750839636,-0.6708621025056667,-0.6976889378662509
0.6947467932157559,-0.6708621025056667,-0.16321587468931315
0.7012955113475482,-0.6708621025056667,-1.5500328228273674
0.7078442294793406,-0.6708621025056667,-1.0431273176458717
0.7143929476111329,-0.6708621025056667,-0.5064038415713469
0.7209416657429253,-0.6708621025056667,1.425575631007184
0.7274903838747175,-0.6708621025056667,-0.793331486013703
0.7340391020065099,-0.6708621025056667,-0.7258190990860898
0.7405878201383023,-0.6708621025056667,-0.7033149701102187
0.7471365382700945,-0.6708621025056667,0.5681683170264965
0.7536852564018869,-0.6708621025056667,-0.9958686467965425
0.7602339745336792,-0.6708621025056667,1.3839429924018225
0.7667826926654716,-0.6708621025056667,-0.7753281828330061
0.7733314107972639,-0.6708621025056667,2.593539924854892
0.7798801289290562,-0.6708621025056667,0.5569162525385609
0.7929775651926408,-0.6752555466999179,0.005565092629719847
0.7995262833244332,-0.6928293234769226,-1.0296248402603492
0.8060750014562256,-0.6928293234769226,0.241858446876366
0.8126237195880178,-0.6928293234769226,-1.5444067905833998
0.8191724377198102,-0.7147965444481785,-0.5007778093273791
0.8257211558516026,-0.7147965444481785,-0.9592994372107521
0.8322698739833949,-0.7147965444481785,-0.5851682929868955
0.8388185921151872,-0.7147965444481785,-1.5444067905833998
0.8453673102469795,-0.7147965444481785,-1.2827962912388986
0.8519160283787719,-0.7147965444481785,-1.654114419340771
0.8584647465105641,-0.7191899886424297,-0.478273680351508
0.8650134646423565,-0.7367637654194344,-0.05913427817590946
0.8715621827741489,-0.7367637654194344,-0.8102095827456063
0.8781109009059412,-0.7367637654194344,-0.7033149701102187
0.8846596190377335,-0.7587309863906903,-0.7820794215257674
0.8912083371695259,-0.7587309863906903,0.03932128609352644
0.8977570553013182,-0.7587309863906903,-0.4332654223997659
0.9043057734331105,-0.7587309863906903,-0.07882539102979665
0.9108544915649028,-0.7587309863906903,-0.6583067121584766
0.9174032096966952,-0.7587309863906903,-0.6414286154265733
0.9239519278284876,-0.7587309863906903,-1.007120711284478
0.9305006459602798,-0.7587309863906903,-0.9592994372107521
0.9370493640920722,-0.7631244305849415,-1.2321620010431886
0.9435980822238645,-0.776304763167695,-1.5444067905833998
0.9501468003556568,-0.7806982073619462,-0.478273680351508
0.9566955184874492,-0.7806982073619462,-0.06476031041987723
0.9632442366192415,-0.8026654283332021,-1.344682645922544
0.9697929547510339,-0.8026654283332021,-0.9621124533327359
0.9763416728828261,-0.8026654283332021,0.6581848329299808
0.9828903910146185,-0.8026654283332021,-0.793331486013703
0.9894391091464109,-0.8026654283332021,-0.6177992800019086
0.9959878272782031,-0.8026654283332021,-0.478273680351508
1.0025365454099955,-0.8026654283332021,-1.5444067905833998
1.0090852635417877,-0.8026654283332021,0.5569162525385609
1.0156339816735802,-0.824632649304458,-0.2194761971289908
1.0221826998053725,-0.824632649304458,-0.5401600350351534
1.0287314179371647,-0.8378129818872115,-0.7033149701102187
1.0352801360689572,-0.8465998702757139,-0.29261461630057173
1.0418288542007494,-0.8465998702757139,-1.241163652633537
1.048377572332542,-0.8465998702757139,-0.3207447775204106
1.0549262904643342,-0.8465998702757139,-0.9958686467965425
1.0614750085961264,-0.8905343122182257,-0.8102095827456063
1.068023726727919,-0.8905343122182257,-0.508654254468934
1.0745724448597112,-0.8905343122182257,-0.7820794215257674
1.0811211629915034,-0.8905343122182257,-0.4473305030096853
1.0876698811232959,-0.8905343122182257,-1.822895386659804
1.0942185992550881,-0.8905343122182257,-0.8102095827456063
1.1007673173868804,-0.8905343122182257,1.0463810577637567
1.1073160355186729,-0.8905343122182257,2.312238312656504
1.1138647536504651,-0.8905343122182257,-1.0245614112407782
1.1204134717822574,-0.8949277564124769,-0.2194761971289908
1.1269621899140498,-0.9037146448009792,0.34031401114580195
1.133510908045842,-0.9100851388826434,-1.4020681748110153
1.1400596261776343,-0.9125015331894816,-1.0633810337241556
1.1466083443094268,-0.9125015331894816,-0.5851682929868955
1.153157062441219,-0.9125015331894816,-0.7820794215257674
1.1597057805730115,-0.9300753099664862,1.805895410699405
1.1662544987048038,-0.9344687541607375,0.03932128609352644
1.172803216836596,-0.9344687541607375,-1.535967742217448
1.1793519349683885,-0.9344687541607375,-1.0127467435284458
1.1859006531001808,-0.9344687541607375,-0.2194761971289908
1.192449371231973,-0.9564359751319934,-0.6132984542067345
1.1989980893637655,-0.9784031961032492,-1.0127467435284458
1.2055468074955578,-0.9784031961032492,-0.9283562598689293
1.21209552562735,-0.9784031961032492,-1.1562105657496238
1.2186442437591425,-0.9784031961032492,-0.16321587468931315
1.2251929618909347,-0.9784031961032492,0.10458326012355253
1.231741680022727,-0.9784031961032492,-0.6414286154265733
1.2382903981545195,-0.9784031961032492,-0.7089410023541864
1.2448391162863117,-0.9827966402975005,1.7777652494795662
1.2513878344181042,-1.0003704170745051,-0.3027414743397137
1.2579365525498964,-1.0091573054630074,-1.0633810337241556
1.2644852706816887,-1.0223376380457612,0.5400381558066576
1.2710339888134812,-1.0223376380457612,0.03932128609352644
1.2775827069452734,-1.0223376380457612,-0.7258190990860898
1.2841314250770657,-1.0223376380457612,-0.6920629056222831
1.2906801432088582,-1.0223376380457612,-0.793331486013703
1.2972288613406504,-1.0223376380457612,-1.2321620010431886
1.3037775794724427,-1.0223376380457612,-0.9789905500646392
1.3103262976042351,-1.0223376380457612,0.9704296224701917
1.3168750157360274,-1.0662720799882728,-1.0408769047482846
1.3234237338678196,-1.0662720799882728,-0.7089410023541864
1.3299724519996121,-1.0662720799882728,0.6244286394661741
1.3365211701314044,-1.0662720799882728,0.28686670482810817
1.3430698882631966,-1.0772556904739008,0.17434605994875282
1.349618606394989,-1.0882393009595288,-0.8946000664051227
1.3561673245267813,-1.0882393009595288,-0.30386668078850726
1.3627160426585738,-1.0882393009595288,-1.2659181945069953
1.369264760790366,-1.1102065219307846,-1.2602921622630274
1.3758134789221583,-1.1102065219307846,-0.5232819383032502
1.3823621970539508,-1.1541409638732965,1.0745112189835955
1.388910915185743,-1.1541409638732965,-0.5007778093273791
1.3954596333175353,-1.1761081848445523,-0.5007778093273791
1.4020083514493278,-1.1980754058158083,-0.5379096221375663
1.40855706958112,-1.1980754058158083,-1.6259842581209323
1.4151057877129123,-1.1980754058158083,-0.7089410023541864
1.4216545058447048,-1.1980754058158083,-1.175901678603511
1.428203223976497,-1.1980754058158083,-1.3840648716303183
1.4347519421082893,-1.1980754058158083,-0.793331486013703
1.4413006602400817,-1.1980754058158083,-0.5007778093273791
1.447849378371874,-1.2024688500100593,-0.9592994372107521
1.4543980965036665,-1.2024688500100593,-0.5007778093273791
1.4609468146354587,-1.2332229593698176,-1.1140153239198656
1.467495532767251,-1.24200984775832,-0.7258190990860898
1.4740442508990435,-1.24200984775832,-0.27573651956866846
1.4805929690308357,-1.24200984775832,-0.7258190990860898
1.487141687162628,-1.2859442897008317,-1.130893420651769
1.4936904052944204,-1.2859442897008317,-0.9621124533327359
1.5002391234262127,-1.2859442897008317,-1.0633810337241556
1.506787841558005,-1.3079115106720878,-0.27573651956866846
1.5133365596897974,-1.3079115106720878,-1.0633810337241556
1.5198852778215897,-1.3298787316433436,-0.9452343566008327
1.526433995953382,-1.3298787316433436,-0.9283562598689293
1.5329827140851744,-1.3298787316433436,-1.0633810337241556
1.5395314322169666,-1.3298787316433436,-0.7820794215257674
1.5460801503487591,-1.3298787316433436,-0.028191100834086748
1.5526288684805514,-1.3298787316433436,1.5808541209406943
1.5591775866123436,-1.3562393968088506,-0.7061279862322025
1.565726304744136,-1.3738131735858554,-1.3587477265324635
1.5722750228759284,-1.3738131735858554,-1.1832155205206691
1.5788237410077206,-1.3738131735858554,-0.9148537824834067
1.585372459139513,-1.3957803945571112,-0.7033149701102187
1.5919211772713053,-1.4177476155283673,-0.9621124533327359
1.5984698954030976,-1.439714836499623,-1.7182511869220036
1.60501861353489,-1.439714836499623,-0.5176559060592824
1.6115673316666823,-1.439714836499623,-0.5176559060592824
1.6181160497984746,-1.4616820574708789,-1.654114419340771
1.624664767930267,-1.4660755016651301,0.23060638238843048
1.6312134860620593,-1.5275837203846467,-1.0633810337241556
1.6377622041938515,-1.5495509413559025,-1.4009429683622217
1.644310922325644,-1.5495509413559025,-1.0633810337241556
1.6508596404574363,-1.5495509413559025,-0.8608438729413161
1.6574083585892287,-1.6374198252409262,-0.8270876794775095
1.663957076721021,-1.6813542671834378,-1.7947652254399653
1.6705057948528133,-1.6813542671834378,-0.6982515410906477
1.6770545129846057,-1.7033214881546939,-1.0690070659681234
1.683603231116398,-1.7252887091259497,-1.0633810337241556
1.6901519492481902,-1.758459212792546,-1.4009429683622217
1.6967006673799827,-1.7692231510684615,-0.7145670345981542
1.703249385511775,-1.7692231510684615,-1.1140153239198656
1.7097981036435672,-1.7692231510684615,-0.5851682929868955
